Name,Slug
"Agriculture Marketplace",top-agriculture-marketplace-app-development-firms
"Art, entertainment &amp; music",top-art-enterainment-music-app-development-firms
Astrology,top-astrology-app-development-firms
Automotive,top-automotive-app-development-firms
Beauty,top-beauty-app-development-firms
"Bike Rental",top-bike-rental-app-development-firms
"Boat Rental",top-boat-rental-app-development-firms
Boutique,top-boutique-app-development-firms
"Car rental",top-car-rental-app-development-firms
"Clothing ecommerce",top-clothing-ecommerce-app-development-firms
Dating,top-dating-app-development-firms
"Doctor Consulting",top-doctor-consulting-app-development-firms
E-Learning,top-elearning-app-development-firms
Education,top-education-app-development-firms
"Event planning",top-event-planing-app-development-firms
"Financial &amp; payments",top-financial-payments-app-development-firms
"Fish Delivery",top-fish-delivery-app-development-firms
Fitness,top-fitness-app-development-firms
"Food Delivery",top-food-delivery-app-development-firms
"Health care &amp; life sciences",top-healthcare-lifesciences-app-development-firms
"Hospitality &amp; leisure",top-hospitality-leisure-app-development-firms
Manufacturing,top-manufacturing-app-development-firms
"Medicine Delivery",top-medicine-delivery-app-development-firms
"Real estate",top-real-estate-app-development-firms
"Rental Business",top-rental-business-app-development-firms
Retail,top-retail-app-development-firms
"Social media",top-social-media-app-development-firms
"Start Up",top-start-up-app-development-firms
"Stock Trading",top-stock-trading-app-development-firms
"Taxi booking",top-taxi-booking-app-development-firms
TeleMedicine,top-telemedicine-app-development-firms
"Transportation &amp; logistics",top-transportation-logistics-app-development-firms
"Vacation Rental",top-vacation-rental-app-development-firms
"Video streaming",top-video-streaming-app-development-firms
"Wedding planner",top-wedding-planner-app-development-firms
